-- =====================================================================
-- 图书管理系统 - 种子数据 (测试用)
-- 前置：先执行 init.sql
-- 注意：本数据尊重触发器约束
--   - 每位读者在借(return_date IS NULL) < 5
--   - review 仅对借阅过的(reader,book)组合插入
--   - 直接插入 penalty 会触发 trg_freeze_reader 冻结该读者(演示用)
-- =====================================================================

-- 先清空（保留表结构与触发器）
TRUNCATE review, reservation, penalty, lend_record, book_copy, reader, book_category, category, book RESTART IDENTITY CASCADE;

-- ---------------------------------------------------------------------
-- 1. 分类
-- ---------------------------------------------------------------------
INSERT INTO category (category_id, name, description) VALUES
    (1, '计算机科学', '计算机与信息技术类'),
    (2, '文学',       '中外文学名著'),
    (3, '历史',       '历史与人文');
SELECT setval(pg_get_serial_sequence('category','category_id'), 3, true);

-- ---------------------------------------------------------------------
-- 2. 书目 (SPU)
-- ---------------------------------------------------------------------
INSERT INTO book (book_id, isbn, title, author, publisher, pub_date, price) VALUES
    (1, '9787111407010', '深入理解计算机系统', 'Randal E. Bryant', '机械工业出版社', '2016-11-01', 139.00),
    (2, '9787020002207', '红楼梦',             '曹雪芹',           '人民文学出版社', '1982-01-01', 59.70),
    (3, '9787108009235', '万历十五年',         '黄仁宇',           '三联书店',       '1997-05-01', 38.00),
    (4, '9787040406641', '数据库系统概论',     '王珊 萨师煊',       '高等教育出版社', '2014-09-01', 45.00);
SELECT setval(pg_get_serial_sequence('book','book_id'), 4, true);

-- ---------------------------------------------------------------------
-- 3. 书目-分类映射
-- ---------------------------------------------------------------------
INSERT INTO book_category (book_id, category_id) VALUES
    (1, 1),  -- 深入理解计算机系统 -> 计算机科学
    (2, 2),  -- 红楼梦 -> 文学
    (3, 3),  -- 万历十五年 -> 历史
    (4, 1);  -- 数据库系统概论 -> 计算机科学

-- ---------------------------------------------------------------------
-- 4. 读者 (初始均 正常；赵六随后由罚单触发冻结)
-- ---------------------------------------------------------------------
INSERT INTO reader (reader_id, name, card_number, phone, valid_until, status) VALUES
    (1, '张三', 'R2026001', '13800000001', '2028-12-31', '正常'),
    (2, '李四', 'R2026002', '13800000002', '2028-12-31', '正常'),
    (3, '王五', 'R2026003', '13800000003', '2028-12-31', '正常'),
    (4, '赵六', 'R2026004', '13800000004', '2028-12-31', '正常');
SELECT setval(pg_get_serial_sequence('reader','reader_id'), 4, true);

-- ---------------------------------------------------------------------
-- 5. 馆藏单册 (SKU)，初始均在馆
-- ---------------------------------------------------------------------
INSERT INTO book_copy (copy_id, book_id, location, status) VALUES
    (1, 1, 'A-1-01', '在馆'),
    (2, 1, 'A-1-02', '在馆'),
    (3, 2, 'B-2-01', '在馆'),
    (4, 2, 'B-2-02', '在馆'),
    (5, 3, 'C-3-01', '在馆'),
    (6, 4, 'A-1-03', '在馆'),
    (7, 4, 'A-1-04', '在馆');
SELECT setval(pg_get_serial_sequence('book_copy','copy_id'), 7, true);

-- ---------------------------------------------------------------------
-- 6. 借阅记录
--    直接 INSERT（不调用 sp_borrow_book）以注入历史与逾期场景。
--    触发器 trg_check_borrow_limit 仅在借(return_date IS NULL)计数，
--    故已归还记录不占用配额；张三在借2本 < 5。
--    注意：INSERT 不触发 trg_auto_penalty(仅 AFTER UPDATE)，逾期罚单在第8节手插。
-- ---------------------------------------------------------------------
INSERT INTO lend_record (lend_id, reader_id, copy_id, borrow_date, due_date, return_date, renew_count) VALUES
    -- 张三：在借2本(应还将至/已到，用于逾期预警视图)
    (1, 1, 1, '2026-05-15', '2026-06-14', NULL,         0),  -- copy1 book1 今日到期
    (2, 1, 6, '2026-06-01', '2026-07-01', NULL,         0),  -- copy6 book4 在借
    -- 李四：按时归还
    (3, 2, 3, '2026-04-01', '2026-05-01', '2026-04-20', 0),  -- copy3 book2
    -- 王五：按时归还
    (4, 3, 5, '2026-04-10', '2026-05-10', '2026-04-25', 0),  -- copy5 book3
    -- 赵六：逾期10天归还(应生成5元罚单)
    (5, 4, 2, '2026-04-01', '2026-05-01', '2026-05-11', 0);  -- copy2 book1
SELECT setval(pg_get_serial_sequence('lend_record','lend_id'), 5, true);

-- 同步在借单册状态为 已借出
UPDATE book_copy SET status = '已借出' WHERE copy_id IN (1, 6);

-- ---------------------------------------------------------------------
-- 7. 预约 (演示排队中场景：book1 全部单册均已借出/已借出)
--    book1 有 copy1(已借出)、copy2(在馆,赵六已还)，故并非全缺，
--    这里仅作预约数据演示。
-- ---------------------------------------------------------------------
INSERT INTO reservation (reader_id, book_id, status) VALUES
    (2, 1, '排队中');   -- 李四预约《深入理解计算机系统》

-- ---------------------------------------------------------------------
-- 8. 罚单 (逾期10天 * 0.5 = 5.00元，未缴清)
--    插入即触发 trg_freeze_reader 冻结赵六
-- ---------------------------------------------------------------------
INSERT INTO penalty (lend_id, reader_id, amount, status) VALUES
    (5, 4, 5.00, '未缴清');

-- ---------------------------------------------------------------------
-- 9. 评价 (仅借阅过的组合，过 trg_check_review_auth 校验)
-- ---------------------------------------------------------------------
INSERT INTO review (reader_id, book_id, score, content) VALUES
    (2, 2, 5, '常读常新，千古第一奇书。'),       -- 李四 评 红楼梦
    (3, 3, 4, '大历史观独特，值得一读。'),       -- 王五 评 万历十五年
    (4, 1, 5, '系统类经典，打地基必读。');        -- 赵六 评 深入理解计算机系统

-- =====================================================================
-- 种子数据完成
-- 读者：张三/李四/王五 正常；赵六 冻结(未缴罚单)
-- 预期：v_overdue_alert 命中 lend_id=1(今日到期) ；penalty 1条
-- =====================================================================
